,0,1,2,3,4,5,6
0,https://yt3.ggpht.com/ytc/AAUvwnh5rphKHRi4ZjHG0Az644kSzo9bL166VcONLg=s48-c-k-c0x00ffffff-no-rj,안녕,http://www.youtube.com/channel/UCN9jklHsHPy9Lq1QuJlRPMQ,"전기 100만 골드버튼 지지자들 모여라
+전기 남산타워 보내자",1974,1일 전(수정됨),"[['이제 할만한사람들은 다해서\n그래도 좀읺으면 되겠다', '감귤', 'http://www.youtube.com/channel/UC9sHsRwwdjV4alzXyHdOkEg', 0, 'https://yt3.ggpht.com/ytc/AAUvwnhZXX9DeOaWqYe7j3Gb45SFMfvBX7S5PS_L8lU=s48-c-k-c0x00ffffff-no-rj', '1일 전(수정됨)'], ['ㅈㄱㅇ', '최고기록2300', 'http://www.youtube.com/channel/UCPFHZc8YIA7kWVpTFM3cjMA', 0, 'https://yt3.ggpht.com/ytc/AAUvwng9Iiq92h53VGtUzy-kseZmUOtMcuj4XBoqIg=s48-c-k-c0x00ffffff-no-rj', '1일 전(수정됨)'], ['가즈아 100만', '문글이', 'http://www.youtube.com/channel/UCVqwZIgr46wg3ei8nhRvA-Q', 0, 'https://yt3.ggpht.com/ytc/AAUvwnhzshtSpdYWYDJRxz3kOauZQonLZov_EZUrTCrbUg=s48-c-k-c0x00ffffff-no-rj', '1일 전(수정됨)'], ['골드는 걍 집에 걸어놓길 ㅋㅋㅋㅋ', '연', 'http://www.youtube.com/channel/UC5IDX5z_C3B4L1tjp9BJuXg', 0, 'https://yt3.ggpht.com/ytc/AAUvwnh8pM5WkDsCK1kuiZ5_ytV3TSaMEj1bIVqkWPNsow=s48-c-k-c0x00ffffff-no-rj', '1일 전(수정됨)'], ['🙆', '루나`ღ', 'http://www.youtube.com/channel/UCNw9DxqyEgp7gZgegLnEx7A', 0, 'https://yt3.ggpht.com/ytc/AAUvwnhtzh2Nhxx33lwI94e8nUQySGDV9t1exObqjkbNNA=s48-c-k-c0x00ffffff-no-rj', '1일 전(수정됨)']]"
1,https://yt3.ggpht.com/ytc/AAUvwngqXLS4H45fb0CkxY9LI00KzOoJLrFQyhZFMM91qw=s48-c-k-c0x00ffffff-no-rj,다인,http://www.youtube.com/channel/UCIPEEEEXmCjv2-bUQBGoGkQ,"""UH- Jeon gi Jon-na joa""",282,1일 전,"[['수많은 매력덩어리!', 'B JJ', 'http://www.youtube.com/channel/UCFPF93XxuOz3dvqxRYW0QKg', 0, 'https://yt3.ggpht.com/ytc/AAUvwnhXgOKW272escSuobSaeRNJli0TMqq1c2PETA=s48-c-k-c0x00ffffff-no-rj', '1일 전'], ['@ᄒᄒ 창의적인 드립한번 보여주시죠', '김성훈', 'http://www.youtube.com/channel/UCpZbEJwnxuY42LuWzW6lRHw', 0, 'https://yt3.ggpht.com/ytc/AAUvwnj_y6YQPmzYgOhCwm_aQQHc12_a3dPa56x3yg=s48-c-k-c0x00ffffff-no-rj', '1일 전'], ['@ᄒᄒ JONNA SCIENCE', '꾸꾸루후으으후루꾸꾸루후으으후루꾸꾸루후으으후루꾸', 'http://www.youtube.com/channel/UCuiPqC1eaNKoJHcnw1XIKQQ', 1, 'https://yt3.ggpht.com/ytc/AAUvwngvUENA8GRSprU4eIxampRb_lel116wC7iPtA=s48-c-k-c0x00ffffff-no-rj', '1일 전'], ['시발 이제 영어드립 그만할때도 되지 않았냐 창의성이 없어요 하여간', 'ᄒᄒ', 'http://www.youtube.com/channel/UCJUu_svo73fNwI4zX_wFpLw', 0, 'https://yt3.ggpht.com/ytc/AAUvwni2HRImwgtevkHBe9rFhlbcJUZZLLcFwmvq6A=s48-c-k-c0x00ffffff-no-rj', '1일 전'], ['전 지', 'ᅢᅦ', 'http://www.youtube.com/channel/UCMgtCF5axsyLGbaS4kTd90Q', 0, 'https://yt3.ggpht.com/ytc/AAUvwnibwFrdSvzAMpyxpH1Et1IeWvUhQUL-t_XirLjoog=s48-c-k-c0x00ffffff-no-rj', '1일 전']]"
2,https://yt3.ggpht.com/ytc/AAUvwniTIrkkXSKrOB3HANGmz1_DUn5KjKPXc19iZQ=s48-c-k-c0x00ffffff-no-rj,김선호,http://www.youtube.com/channel/UCvGrgJvkXujqVecGetayUxw,"""UH, DRUWA""",335,1일 전,"[['@이영우 머니게임에서 전기가 어,나가 한거 오마주한거임', '지나가던 나그네', 'http://www.youtube.com/channel/UC5DNmzWTHSaLg-I5dYBlnmw', 0, 'https://yt3.ggpht.com/ytc/AAUvwniJU8-KHKP47Rb9R547wXr20gDcckt6m7W-1E1Hxg=s48-c-k-c0x00ffffff-no-rj', '1일 전'], ['앞에 uh는 왜 붙이는 거임', '이영우', 'http://www.youtube.com/channel/UC4_0Qokq0EBzThsK5_8UFFw', 1, 'https://yt3.ggpht.com/ytc/AAUvwnjmu-6mDk4RVqo0j7kvNiyqiotzCsWaSOsZiFWF=s48-c-k-c0x00ffffff-no-rj', '1일 전'], ['영어 멈춰!', '지나가던 나그네', 'http://www.youtube.com/channel/UC5DNmzWTHSaLg-I5dYBlnmw', 0, 'https://yt3.ggpht.com/ytc/AAUvwniJU8-KHKP47Rb9R547wXr20gDcckt6m7W-1E1Hxg=s48-c-k-c0x00ffffff-no-rj', '1일 전'], ['어후 진짜 재밌나? ㅋㅋㅋ', '노현수', 'http://www.youtube.com/channel/UCmI2paMdMfj_B-WxpAqElrw', 0, 'https://yt3.ggpht.com/ytc/AAUvwniKBV54OM8R3Cup5vYr8QOiXO-cdxNy5x9XG1FD=s48-c-k-c0x00ffffff-no-rj', '1일 전'], ['@ᄋᄋ 급', 'SΞungjun', 'http://www.youtube.com/channel/UCg7cFvpBhgdT-1xZvF5pSIw', 0, 'https://yt3.ggpht.com/ytc/AAUvwnjXVNS8GJJFV7YSRBLIrHKbFxdAYVL4aZpiv-xZyw=s48-c-k-c0x00ffffff-no-rj', '1일 전']]"
3,https://yt3.ggpht.com/tpySkxczgDhdLmXG9eZJWRaBxh6AYljWsb0rc3jlmxVQPXpHT6I_BHyWj0gqm_h92ygVNe6Om_E=s48-c-k-c0x00ffffff-no-rj,최주현 인천광역시 부평구 거주,http://www.youtube.com/channel/UCBySrrK4vz6dpWsQ7FRc5tQ,"""UH, SARANG HAE""",283,1일 전,[]
4,https://yt3.ggpht.com/ytc/AAUvwnhUmQVZLLceoQyVb1RBh7CUu4wB3BYeOQnIfA=s48-c-k-c0x00ffffff-no-rj,CO H,http://www.youtube.com/channel/UCX-LxOZ3wDgyUkIY83zFvXQ,"“UH, JEON GI MO DDI”",32,1일 전,"[['이건 뭐 초딩도아니고', '빅파이', 'http://www.youtube.com/channel/UCYZmdb6t2kScAhqS95QQkhQ', 0, 'https://yt3.ggpht.com/ytc/AAUvwnhkVg0cI7r2w1TXX34t-ip4dWFDzRYCQd0RM-6GLg=s48-c-k-c0x00ffffff-no-rj', '1일 전'], ['@Ving K 그게 맞띠', 'CO H', 'http://www.youtube.com/channel/UCX-LxOZ3wDgyUkIY83zFvXQ', 0, 'https://yt3.ggpht.com/ytc/AAUvwnhUmQVZLLceoQyVb1RBh7CUu4wB3BYeOQnIfA=s48-c-k-c0x00ffffff-no-rj', '1일 전'], ['어 전기모띠', 'Ving K', 'http://www.youtube.com/channel/UCuJJzSTiJ8gMkv1k8fVjuIA', 1, 'https://yt3.ggpht.com/ytc/AAUvwniRKN5q_Gzd140ftpexznHDZ0qje8VtrIOilqNn=s48-c-k-c0x00ffffff-no-rj', '1일 전']]"
5,https://yt3.ggpht.com/ytc/AAUvwnh5rphKHRi4ZjHG0Az644kSzo9bL166VcONLg=s48-c-k-c0x00ffffff-no-rj,안녕,http://www.youtube.com/channel/UCN9jklHsHPy9Lq1QuJlRPMQ,테스트훈 영상 다 봐서 내용알지만 전기영상 또 보는 사람 모여라,198,1일 전,"[['11', 'Jay Jeong', 'http://www.youtube.com/channel/UC-vtWG7JNiqL2OwNnXLpvbQ', 0, 'https://yt3.ggpht.com/ytc/AAUvwnjPx5ZBh3W9vVg-7JGQUFWfPbDP8QjcG_9KKIlcNQ=s48-c-k-c0x00ffffff-no-rj', '1일 전'], ['Gugae Naya', 'Vegonia', 'http://www.youtube.com/channel/UCRqxubQoNAbPQgdZuB1LX8Q', 0, 'https://yt3.ggpht.com/ytc/AAUvwniVLTZRXAj9tMTjF_ZY-GaQTPZ_jtXNA9qiNg=s48-c-k-c0x00ffffff-no-rj', '1일 전'], ['의리!!', '최고기록2300', 'http://www.youtube.com/channel/UCPFHZc8YIA7kWVpTFM3cjMA', 0, 'https://yt3.ggpht.com/ytc/AAUvwng9Iiq92h53VGtUzy-kseZmUOtMcuj4XBoqIg=s48-c-k-c0x00ffffff-no-rj', '1일 전'], ['전기는 ㄹㅇ 또봐도 질리지가 않음', '이숭호', 'http://www.youtube.com/channel/UCfcK45_pAhUBO57jU839ORA', 4, 'https://yt3.ggpht.com/ytc/AAUvwnjj4ZxHeazSUx5pu0Ko54wNJkoSJomq0vKu1w=s48-c-k-c0x00ffffff-no-rj', '1일 전']]"
6,https://yt3.ggpht.com/ytc/AAUvwnhbYH3aJ4ytmgcXA9gknT1P9-GxoKcrc4Wx6w=s48-c-k-c0x00ffffff-no-rj,윤경찬,http://www.youtube.com/channel/UCQ2_xFrPPhlcF0CC4hqyRdg,"0:16 폭소1
1:41 폭소2
2:23 폭소3
2:29 폭소4
2:44 폭소5
3:03 폭소6
3:31 폭소7
3:43 폭소8
3:53 폭소9
4:20 폭소10
4:41 폭소11
5:06 폭소12
5:32 폭소13
5:37 폭소14
6:11 폭소15
7:43 폭소16
10:09 폭소17
11:00 폭소18
11:14 폭소19
13:49 폭소20
13:57 폭소21",259,1일 전,"[['전기 웃음소리 원래 훨씬 더 애같았음ㅋㅋ\n방송하면서 또 바뀐거', '아조시', 'http://www.youtube.com/channel/UCejJP0h8mXcnBx41hv2N6tQ', 1, 'https://yt3.ggpht.com/ytc/AAUvwnhG0V3Rt-ExKGxsHdoUBNGlFfpy-UlLC8Di-p0V4g=s48-c-k-c0x00ffffff-no-rj', '1일 전'], ['매크로ㅋㅋㅋㅋㅋㅋㅋㅋㅋㅋ 기엽다', '전기여친지망생', 'http://www.youtube.com/channel/UCDlXrxbKJihGL0OvMdfWk2w', 1, 'https://yt3.ggpht.com/HiW0Tj1R9F8J_vPxnjr4zOXg6EQOXSjbvkaMFj_qkdr49DTvKO7MotXP6usuu7sXc-hTThVQsw=s48-c-k-c0x00ffffff-no-rj', '1일 전'], ['ㄹㅇ하나씩 계속 눌러보면 존나욱기넼ㅋㅋㅋㅋㅋㅋㅋㅋㅋㅋㅋㅋㅋㅋㅋㅋㅋㅋㅋㅋㅋㅋㅋㅋㅋㅋ', '냥이장', 'http://www.youtube.com/channel/UC79rlpQKS3t43bqIO1rj9Mg', 2, 'https://yt3.ggpht.com/ytc/AAUvwniUmy2DZMoyuYQWj0-Pnd-OHCYmCpk-tyViF-pl=s48-c-k-c0x00ffffff-no-rj', '1일 전'], ['아전나귀엽네 ㅋㅋㅋ', '신이', 'http://www.youtube.com/channel/UCElCy7k2ujxxXub1sJ3x71g', 1, 'https://yt3.ggpht.com/ytc/AAUvwngN8gqWK56bA3P_PpVUhwFwbbD4-BVbRWnPYdya=s48-c-k-c0x00ffffff-no-rj', '1일 전'], ['ㅋㅋㅋㅋ신기하노', 'Musiq J', 'http://www.youtube.com/channel/UC4Fzkuu_VqatW39G1LbpHyA', 1, 'https://yt3.ggpht.com/ytc/AAUvwnjpmcun141ib7E5jh7tuHqdsYUn3FDdyQ0uLx0XXw=s48-c-k-c0x00ffffff-no-rj', '1일 전']]"
7,https://yt3.ggpht.com/ytc/AAUvwngTDtGG8z0_l8nxk2LxLj6-WDblwCasBYHMWxUl=s48-c-k-c0x00ffffff-no-rj,백수남자,http://www.youtube.com/channel/UC54oVWSmoVgOVtm782GsqWg,"""UH - jeon gi jon na dduek sang ga ja""",4,1일 전,[]
8,https://yt3.ggpht.com/ytc/AAUvwnjqdXqBZtD2sAVRtb5bF1m3Le_YIdPnYkBl8llBeA=s48-c-k-c0x00ffffff-no-rj,김건호일반인여친,http://www.youtube.com/channel/UCdrWn7iv8qMFt-jW7B-9Zxg,근데 전기 합방 영상 한 박자씩 늦게 올리는 이유가 먼저 올린 사람들이랑 안 겹치려고 일부러 기다렸다 올리는 건가? 귀여워 죽겠네,143,1일 전,"[['근데 누가 먼저 올리냐가 조회수랑 시청 시간에 아주 큰 영향을 미쳐서 합방 당사자들끼리 미리 합의 하지 않을까 싶네요', '이상현', 'http://www.youtube.com/channel/UC7GKU1AGzv0JHHbsoZyXDkw', 8, 'https://yt3.ggpht.com/ytc/AAUvwng_2GPqvI4fCSQEWTijZy4fvn8RRpCtHDInZw=s48-c-k-c0x00ffffff-no-rj', '1일 전'], ['매번 그러는거 보면 맞는거같아요.\n너무 착한 전기', '모두행쇼', 'http://www.youtube.com/channel/UCp64yLsBfFMRijhRUHLRssg', 25, 'https://yt3.ggpht.com/ytc/AAUvwngbMug1ZKpv_doxeMyFuwgrfR3xCLIMUZkn0H6bus8=s48-c-k-c0x00ffffff-no-rj', '1일 전']]"
9,https://yt3.ggpht.com/ytc/AAUvwngCC0TEsG3QkHUZx3c2yMPz0gz3mU2Iii1M3A=s48-c-k-c0x00ffffff-no-rj,미술쟁이,http://www.youtube.com/channel/UCGqpPo616373YSE-PpaTiYw,"‘UH , 😍😍😍’",352,1일 전,"[['어, 좋아', 'a aa', 'http://www.youtube.com/channel/UCAOiuN8dLXBan-f78bQatLQ', 0, 'https://yt3.ggpht.com/ytc/AAUvwnjVeSmCfyw4MmIHMEQHEWh3SZaakE4o4TnQnf2fdg=s48-c-k-c0x00ffffff-no-rj', '1일 전'], ['어, 이쁘다', '배성철', 'http://www.youtube.com/channel/UC5qeOZgn5PnZvOUNFmTB6Ew', 0, 'https://yt3.ggpht.com/ytc/AAUvwnjCZt9ams1gJGpymOf-E0bWcITikVj75UxqQB59LQ=s48-c-k-c0x00ffffff-no-rj', '1일 전'], ['기출변형은 어디까지 갈 것인가..', '블랙넛앨범내', 'http://www.youtube.com/channel/UCi7eOzTshhDF8xNjmGcP1Zg', 2, 'https://yt3.ggpht.com/ytc/AAUvwnhAUuHuAcDvJvwQx7q1b6RT1FmVKBJU5--kQ-5E=s48-c-k-c0x00ffffff-no-rj', '1일 전'], ['후욱후욱..', '감유', 'http://www.youtube.com/channel/UC_DXuT2Lj5lQfRzhzlqDKmQ', 0, 'https://yt3.ggpht.com/ytc/AAUvwnhtXBOWeREOKpcr1GJJN-APk86q769yGwNAkT1e=s48-c-k-c0x00ffffff-no-rj', '1일 전'], ['LH', '박규민', 'http://www.youtube.com/channel/UC8I2RIz_KFtkNzfp57X49hw', 1, 'https://yt3.ggpht.com/ytc/AAUvwniRDCNTEBlUUgGNlYPUUE7UFNjILuBcVvdXkeA8yw=s48-c-k-c0x00ffffff-no-rj', '1일 전']]"
10,https://yt3.ggpht.com/ytc/AAUvwnjZVcmYovg585er6ZmqglI8Xtxyqkl6g2J7LQ=s48-c-k-c0x00ffffff-no-rj,김춘삼,http://www.youtube.com/channel/UC2MWBNkLIwZh3lXAj0B_PsA,11:25 정수리에 혹난다 ㅇㅈㄹㅋㅋㅋㅋㅋㅋㅋ,109,1일 전,[]
11,https://yt3.ggpht.com/ytc/AAUvwnjLDAUiOvgYhACLHJ3ZRTyWDor-zZONIbCI-tBfiA=s48-c-k-c0x00ffffff-no-rj,구독 안하면 프사 니 미래 딸,http://www.youtube.com/channel/UC31jVYBcE2T5UZWWLw9b1Xw,""" Uh DDUCK-SANG """,86,1일 전,"[['몇백명이더니 2만명 넘게 개떡상했네 ㅋㅋㅋ', '클래시 로얄TV', 'http://www.youtube.com/channel/UCGkYAIhY53yi_v2vvT4hfNw', 0, 'https://yt3.ggpht.com/ytc/AAUvwniYsqtdPgFMwS12EILcMPS0yVK944sH6edIbwyFIQ=s48-c-k-c0x00ffffff-no-rj', '1일 전'], ['@인기 적어도 50이상 받을 듯', '손예준', 'http://www.youtube.com/channel/UCV3JcaAye9wER2-r09qJyGA', 1, 'https://yt3.ggpht.com/ytc/AAUvwngXkl3fClbWf8u1rLkW1TCkX8JnSp4LPz0GF7a0=s48-c-k-c0x00ffffff-no-rj', '1일 전'], ['@인기 한국 잼민이 대표인듯ㅇㅇ', '장기선', 'http://www.youtube.com/channel/UC2QFB8OHI5ffeXhGvCckYYw', 1, 'https://yt3.ggpht.com/ytc/AAUvwnhIOCpFw2vhNZP18eOse9AhtpW3lm-_ILPRADRNVA=s48-c-k-c0x00ffffff-no-rj', '1일 전'], ['구독자 모아서 팔면 얼마쳐버냐', '인기', 'http://www.youtube.com/channel/UCx2O1EfcQ8X01oYpeFkd9QA', 2, 'https://yt3.ggpht.com/ytc/AAUvwniB6ptiq2J7qgS61wzODpQdVtxWVti5vev8ow=s48-c-k-c0x00ffffff-no-rj', '1일 전'], ['떡', '클래시 로얄TV', 'http://www.youtube.com/channel/UCGkYAIhY53yi_v2vvT4hfNw', 0, 'https://yt3.ggpht.com/ytc/AAUvwniYsqtdPgFMwS12EILcMPS0yVK944sH6edIbwyFIQ=s48-c-k-c0x00ffffff-no-rj', '1일 전']]"
12,https://yt3.ggpht.com/NttBH7afHMCEF_tN0ZmKgEsFDL51diH65lPurPijMJlII0ZB0uYw3R6SNEBlNF81QfK1Zp8fT-g=s48-c-k-c0x00ffffff-no-rj,논리왕 땃쥐,http://www.youtube.com/channel/UCUUfyZndSNHfpD8huVmFRkQ,13:58 둘이 동시에 쳐다보는것도 귀엽고 전기 옆모습도 귀엽고 잘생기무ㅜㅜㅜㅜㅠㅠㅜㅜㅜㅜㅠ,49,1일 전,[]
13,https://yt3.ggpht.com/ytc/AAUvwnhZSZ624vM75jcP9xrodXzId8KMl7pzTRTwcPFP8g=s48-c-k-c0x00ffffff-no-rj,ᄋᄋ,http://www.youtube.com/channel/UC9tbvTj6lCZrMqR2nfBZMEw,"""UH, YEE SHI GAN E?""",14,1일 전,[]
14,https://yt3.ggpht.com/ytc/AAUvwnhxbaYpYn7FPz84UcfQiVmPs000H1WoqbqmPK59-g=s48-c-k-c0x00ffffff-no-rj,하뇽,http://www.youtube.com/channel/UCA_49IFKAtKCwtEIY4RJ-dA,테스터훈이 전기를 진짜 좋아하아보네 드립도 ㅈㄴ 잘받고 잘치고 ㅋㅋㅋㅋ 역시 뚱+전 케미는 과학이다,205,1일 전,"[['닥쳐 티어를 왜 숨기지', 'sasa sasa', 'http://www.youtube.com/channel/UCRmPXjYvht5vvFFMC6q0xwg', 0, 'https://yt3.ggpht.com/ytc/AAUvwnjOy60sw1r0jIjhy6BwD6h7lzC5gwS4GmDi=s48-c-k-c0x00ffffff-no-rj', '1일 전'], ['이전 영상들 소스들도 다 알고 ㅋㅋㅋ', '5 6', 'http://www.youtube.com/channel/UC94ptkB_RpoImhFMW7VTxgg', 2, 'https://yt3.ggpht.com/ytc/AAUvwnir1MgThl0Pl11qKjk8m_lIztYfUjNsRSQTMw=s48-c-k-c0x00ffffff-no-rj', '1일 전'], ['코+전\n공+전\n테+전', '김국재', 'http://www.youtube.com/channel/UC1WdIgG6nk_IhV5pMQGoVgw', 8, 'https://yt3.ggpht.com/ytc/AAUvwnjRNDupvy1I3YHdeYBNfv4d6kk0LOx1-VvIUXBp=s48-c-k-c0x00ffffff-no-rj', '1일 전'], ['뚱 전ㅌㅋㅌㅌㅌㅋㅋㅋㅋㅋㅋㅋㅋㅋㅋㅋㅋㅋㅋ 존나너무했다', '김믕', 'http://www.youtube.com/channel/UCBtpriDbGXCWzVsaCWg4Q2A', 8, 'https://yt3.ggpht.com/ytc/AAUvwniYt0dRnXLvadGxKQ4swSE3QFwWCLSGcEqL5K4hzAM=s48-c-k-c0x00ffffff-no-rj', '1일 전']]"
15,https://yt3.ggpht.com/ytc/AAUvwngSH06PI9zugqVHY463zRJaji66s0imfFkJfQ=s48-c-k-c0x00ffffff-no-rj,유리,http://www.youtube.com/channel/UC25ySeM50FoqGaDbDdi2yMw,아 ㄹㅇ 전기 웃는 게 ㅈㄴ 귀엽다.. 의외라고 생각되는 조합이여도 다 잘 맞네 진짜 사랑스러워 전기야 사랑해 움마,11,1일 전,[]
16,https://yt3.ggpht.com/YkU-GZmpe9F_bhNT13LTunl715sCUFThLstyQJV7IVhrH8RZr_2SJ0sWzMQPKPeNwbWq2r8B=s48-c-k-c0x00ffffff-no-rj,전기 찌릿찌릿⚡️,http://www.youtube.com/channel/UCpKtN5ruP8pne2RVpfztlYQ,"김런호 이 시간에 올려도 지구 끝까지 찾아서 볼거여,,,,",20,1일 전,[]
17,https://yt3.ggpht.com/ytc/AAUvwnj0h_TcNPr56eZj5W3CAwngEmkJtg5Zo9J65NgZUA=s48-c-k-c0x00ffffff-no-rj,열매,http://www.youtube.com/channel/UCAdNn9TEdx2K8hbHMWufYIg,"마지막에 눈 마주치고 웃는거 넘 웃기네 ㅋㅋㅋㅋㅋㅋㅋ
둘이 민망해서 억지 웃음 짓는거 개귀엽닼ㅋㅋㅋㅋㅋㅋㄱ",13,1일 전,[]
18,https://yt3.ggpht.com/ytc/AAUvwniKg66ShE4ResNVfXhJq6Fpoc3yiWPQNd9Yf62H=s48-c-k-c0x00ffffff-no-rj,내꿈은마포구짱,http://www.youtube.com/channel/UChMoev3AJHUGmHL7VRs2T7w,"전기님,정말 지금 수많은 여자들을 웃음,힐링,행복을 주시고 계십니다. 그거를 떠나서 상사병에 걸릴 지경이에요. 
머니게임 제외하고 순수히 김건호에 대한 QnA 제발 올려주십쇼 /여러분들 도와주세요",43,1일 전,[]
19,https://yt3.ggpht.com/ytc/AAUvwniIwtjRp1FFwe9HeQrm4t9AmE1Sqkcsi4FcV8vx=s48-c-k-c0x00ffffff-no-rj,_지은,http://www.youtube.com/channel/UCAZaUnEfvib7fsak7-mR_-w,전기님 나온 썸넬만 보면 파블로프의 개마냥 달려들어서 보는 중.. 아이돌 덕질도 이렇게 해본 적 없는 것 같은데..,15,1일 전,[]
20,https://yt3.ggpht.com/ytc/AAUvwnhOs3tHL4tiPyyeaZRfh7TbfxLaRl-3jjtEwLC3=s48-c-k-c0x00ffffff-no-rj,돌돌이,http://www.youtube.com/channel/UCq9sRcLFkCVStHFDNofQx8Q,13:45 개잘생깄네;;,106,1일 전,"[['사람이 착해야 잘생겨 보임', '손덕배', 'http://www.youtube.com/channel/UCPqqQ3JW2KzARteVi-cFb3w', 0, 'https://yt3.ggpht.com/ytc/AAUvwniRh9eVBnN7LinoSGkPf2sYmOumjQnzjrOGwch2BQ=s48-c-k-c0x00ffffff-no-rj', '1일 전'], ['사랑해요', '냥이장', 'http://www.youtube.com/channel/UC79rlpQKS3t43bqIO1rj9Mg', 0, 'https://yt3.ggpht.com/ytc/AAUvwniUmy2DZMoyuYQWj0-Pnd-OHCYmCpk-tyViF-pl=s48-c-k-c0x00ffffff-no-rj', '1일 전']]"
21,https://yt3.ggpht.com/ytc/AAUvwnjjozQQQM1TbbXdTYssHc2uuzpCPHfZcLffjw5V=s48-c-k-c0x00ffffff-no-rj,이희석,http://www.youtube.com/channel/UC9L52Zu-j6-I0YFYxRcUVWA,"파급력 실화냐....3분전인데 조회수랑 댓글이...
지금 여러분들은 전기의 뚱땡이만 찾아다니는 뚱합방컨텐츠를 보고 계십니다.",17,1일 전,[]
22,https://yt3.ggpht.com/ytc/AAUvwniYVERnnZ1A4yGATW6v1F8HXbN_n_a87UXu9wK-=s48-c-k-c0x00ffffff-no-rj,MUNI ASMR 무니,http://www.youtube.com/channel/UCUsxokn2-doF1iNFUCH6gZw,11:25 11:25 두 번 박아서 정수리에 혹난다는 생각은 대체 어떻게 하는거지 ㅋㅋㅋㅋ,10,1일 전,[]
23,https://yt3.ggpht.com/ytc/AAUvwnjLDAUiOvgYhACLHJ3ZRTyWDor-zZONIbCI-tBfiA=s48-c-k-c0x00ffffff-no-rj,구독 안하면 프사 니 미래 딸,http://www.youtube.com/channel/UC31jVYBcE2T5UZWWLw9b1Xw,왤케 전기는 멤버가 누구인지 다 어올리며 잘 맞냐 ㅋㅋㅋ,6,1일 전,[]
24,https://yt3.ggpht.com/ytc/AAUvwngrH-AbqH9Q-SHFY2QE68xwdr1lkwiZ5C_1OpuTqw=s48-c-k-c0x00ffffff-no-rj,호구마,http://www.youtube.com/channel/UCECokjpQWpKx4e-A_ss6LHA,런호야 이번 달 안에 백만 찍자❤️❤️,31,1일 전(수정됨),[]
25,https://yt3.ggpht.com/ytc/AAUvwngHLLfsVC9K37h3EAYoK-u9wOd_HQ33DOPtOzkHwQ=s48-c-k-c0x00ffffff-no-rj,김금수,http://www.youtube.com/channel/UCrJmks-4rEzq6UJquu95ZtA,다 모르겠고 전기 또 얼마나 귀엽게 웃나 보러왔다,4,1일 전,[]
26,https://yt3.ggpht.com/ytc/AAUvwnhoM1MHRG6jCqzfiiRGqF5Y7ET583hwfi6PZFjEeQ=s48-c-k-c0x00ffffff-no-rj,리육,http://www.youtube.com/channel/UClChkaixzqmudIJ40BN2Iyg,롤을 해본적도 없는 내가 전기 때문에 알아먹지도 못하는 롤 영상을 보고있다니 ..,53,1일 전,[]
27,https://yt3.ggpht.com/ytc/AAUvwnjDZJ6mdEBpox_Qhm3WMHKraiWCPHHHeHSe=s48-c-k-c0x00ffffff-no-rj,Valen,http://www.youtube.com/channel/UC_9BUEGBkjtQWb3RZ8bZkVA,둘이 눈 마주치면 웃는거 개웃기네 ㅋㅋㅋㅋㅋㅋㅋ,41,1일 전,"[['13:57', '김둔', 'http://www.youtube.com/channel/UCOdUox56rHeoke5JHaWNnsQ', 1, 'https://yt3.ggpht.com/ytc/AAUvwngt5_qFLaOaecGgVqSCCYB82gl0bdi8V6NGoQ=s48-c-k-c0x00ffffff-no-rj', '1일 전'], ['ㅍㅎㅎ', '원크', 'http://www.youtube.com/channel/UCnLQMiEtoZSvJfKQYsIk6hA', 2, 'https://yt3.ggpht.com/ytc/AAUvwnhMXgRHIM7EyZ6rr4ttrmm3VWTve68tFZJtYjKMAA=s48-c-k-c0x00ffffff-no-rj', '1일 전']]"
28,https://yt3.ggpht.com/ytc/AAUvwnjZKFkzLTKWCCyXK8DbIiRcZUFAMdOxQkCibJfVPQ=s48-c-k-c0x00ffffff-no-rj,지우,http://www.youtube.com/channel/UCt8w_D7o0-w7vmerrKgCzPA,웃을 때마다 졸라 스프링 마냥 통통 튀면서 옆에 보면서 하하하하하하 무슨 복붙한것도 아니고 계속 통통통하하하 웃는거 개웃기고 귀여움 ㅋㅋㅋㅋㅋㅋ,2,1일 전(수정됨),[]
29,https://yt3.ggpht.com/a/default-user=s48,lvmczklfcb,http://www.youtube.com/channel/UComJIZm_qZnzCjKiTAaioJw,"와 백만 유투버가 합방 제의 먼저 오다니 
전기 진짜 인기를 실감한다",226,1일 전,"[['@dok6 n 느낌이 조금 다르긴하지', '23 1', 'http://www.youtube.com/channel/UCdGlQ6aUT6mP8Qm2lRKpYwg', 0, 'https://yt3.ggpht.com/ytc/AAUvwnhvo3bPyKKxgCVK6LUXmCBTj5QDnYSdHBHjMr7e=s48-c-k-c0x00ffffff-no-rj', '1일 전'], ['전기 89.5라 거의 백만유튜버급임', 'dok6 n', 'http://www.youtube.com/channel/UCILSRGtgL6WJtGacWPPkABw', 2, 'https://yt3.ggpht.com/ytc/AAUvwnh6plac9kqg7bA1VeREov74D92A5TYq3le91YhATg=s48-c-k-c0x00ffffff-no-rj', '1일 전'], ['테훈이 찾아가는거 첨보네요', '박주', 'http://www.youtube.com/channel/UCJdKNaL2yAPEYYCnkCpmn2A', 6, 'https://yt3.ggpht.com/ytc/AAUvwniyjanELMe9tV4ZNb3YEmDcBSgBlUU6aRnBYQ=s48-c-k-c0x00ffffff-no-rj', '1일 전']]"
30,https://yt3.ggpht.com/ytc/AAUvwngvUENA8GRSprU4eIxampRb_lel116wC7iPtA=s48-c-k-c0x00ffffff-no-rj,꾸꾸루후으으후루꾸꾸루후으으후루꾸꾸루후으으후루꾸,http://www.youtube.com/channel/UCuiPqC1eaNKoJHcnw1XIKQQ,UH-JONNA JOAH,6,1일 전,"[['@민우최 UH NABODAN NAAH', '꾸꾸루후으으후루꾸꾸루후으으후루꾸꾸루후으으후루꾸', 'http://www.youtube.com/channel/UCuiPqC1eaNKoJHcnw1XIKQQ', 0, 'https://yt3.ggpht.com/ytc/AAUvwngvUENA8GRSprU4eIxampRb_lel116wC7iPtA=s48-c-k-c0x00ffffff-no-rj', '1일 전'], ['@꾸꾸루후으으후루꾸꾸루후으으후루꾸꾸루후으으후루꾸 개노잼이다 진짜 ㅋㅋ 혼자 뭐하는거지 안 창피한가', '민우최', 'http://www.youtube.com/channel/UCV1YWA3-BWWE1jGm_37ugTA', 0, 'https://yt3.ggpht.com/ytc/AAUvwnj0D47pZu2jiwI3wwJ8FBPSM-5_xlbwug1Prg=s48-c-k-c0x00ffffff-no-rj', '1일 전'], ['@민우최 UH JAMMIN A NAGAK', '꾸꾸루후으으후루꾸꾸루후으으후루꾸꾸루후으으후루꾸', 'http://www.youtube.com/channel/UCuiPqC1eaNKoJHcnw1XIKQQ', 0, 'https://yt3.ggpht.com/ytc/AAUvwngvUENA8GRSprU4eIxampRb_lel116wC7iPtA=s48-c-k-c0x00ffffff-no-rj', '1일 전'], ['@꾸꾸루후으으후루꾸꾸루후으으후루꾸꾸루후으으후루꾸 노잼이라니깐여 이렇게하면 사람들이 좋아요 눌러주는줄 아시는건가?', '민우최', 'http://www.youtube.com/channel/UCV1YWA3-BWWE1jGm_37ugTA', 0, 'https://yt3.ggpht.com/ytc/AAUvwnj0D47pZu2jiwI3wwJ8FBPSM-5_xlbwug1Prg=s48-c-k-c0x00ffffff-no-rj', '1일 전'], ['@민우최 JONNA SCIENCE', '꾸꾸루후으으후루꾸꾸루후으으후루꾸꾸루후으으후루꾸', 'http://www.youtube.com/channel/UCuiPqC1eaNKoJHcnw1XIKQQ', 0, 'https://yt3.ggpht.com/ytc/AAUvwngvUENA8GRSprU4eIxampRb_lel116wC7iPtA=s48-c-k-c0x00ffffff-no-rj', '1일 전']]"
31,https://yt3.ggpht.com/ytc/AAUvwngLawmxSalWGC6gcDwq0rCWIRqX4dUa-4BR8l4t=s48-c-k-c0x00ffffff-no-rj,현우김,http://www.youtube.com/channel/UCKou8nCiGGra10vtmitZDOQ,"""우리 4인서렌치면 얘도 점수 못받아""",28,1일 전,"[['지렸다', 'jjj bom', 'http://www.youtube.com/channel/UCJaISDTi0z-9iy_M8CqXISQ', 0, 'https://yt3.ggpht.com/ytc/AAUvwnhH8Fbcyqf-57FakZy8VmIU51XR1no_TIrFq9xTBA=s48-c-k-c0x00ffffff-no-rj', '1일 전'], ['ㅋㅋㅋㅋㅋ', '왕논리 전기', 'http://www.youtube.com/channel/UCrvs7dlot9dU1Rgw9sTGMHA', 1, 'https://yt3.ggpht.com/Ii3UtzIHII88a66u9-9s25huvEagfG4N9k9siqE-xWWLKcJ3H-rYDlw5KvJLb1SkOzhB7-UTg9Y=s48-c-k-c0x00ffffff-no-rj', '1일 전']]"
32,https://yt3.ggpht.com/ytc/AAUvwnh8IN92kkXyYkm8RsPFDHtRKHHl-jun3Nyekg=s48-c-k-c0x00ffffff-no-rj,Siho Lee,http://www.youtube.com/channel/UC3xCW8X4N7jGJbRqUNZytag,"??? : ""아빠, 왜 내 이름은 전기야?""",7,1일 전,[]
33,https://yt3.ggpht.com/ytc/AAUvwnhyfLVfyfOnM4eqmvKuyDRhFJIinJliHEkafA=s48-c-k-c0x00ffffff-no-rj,D J,http://www.youtube.com/channel/UCVIZ4E-jg3iCNG-kggpR7Cw,"""ㅈㄱㅊㅇ""
""정글차이라고?""
""아니 전기차이""",82,1일 전,[]
34,https://yt3.ggpht.com/JpnlOr2ryzLMSB-1vXJX3aTidyP_XVP6OQ1SEA3D5YGOkJ58r4SD7wx_5_-GeRLUgIf8o9XIQA=s48-c-k-c0x00ffffff-no-rj,아은이,http://www.youtube.com/channel/UCvCYha5Un01wP8cl-GHyShA,전기는 토크온만해서 오프라인대화는 왠지 모할거같았는데 남에 말 경청+잘웃어줘서 분위기를 편하게해주는거보면 그저 똑똑하다 토끼이빨 귀엽다 귀여워ㅋㅋㅋ,674,1일 전,"[['토크온에서 토론이 내용물은 상햇지만 서로 주고받는 토론태도는 확실함 ㅇㅇ', '1콩', 'http://www.youtube.com/channel/UCLDpX0FB3VLXopmcvzx8I5g', 0, 'https://yt3.ggpht.com/ytc/AAUvwniLcnq_AY7Zn-vLvVbnVinqzZPlDZwJyZgXkw=s48-c-k-c0x00ffffff-no-rj', '1일 전'], ['13:14 전치 35초 ㅇㅈㄹㅋㅋ', '나루토', 'http://www.youtube.com/channel/UCAPDSg0RI-I6oAKl7P3J0Vw', 0, 'https://yt3.ggpht.com/ytc/AAUvwnh6huuVPmP_kZ1C5gY6KmgPn9SJloTp7hJRTxdyog=s48-c-k-c0x00ffffff-no-rj', '1일 전'], ['전기 귀여워', '부자', 'http://www.youtube.com/channel/UCIE__cQPzbBCKMfiCTCCRiA', 0, 'https://yt3.ggpht.com/ytc/AAUvwngF6dUg0ksUqm6VAWVOHtnt8FdZ4kdGUr6Y7Egunw=s48-c-k-c0x00ffffff-no-rj', '1일 전'], ['토끼이빨 ㅋㅋㅋㅋ진짜 토끼상이었어 ㄷㄷ', '당근걸스', 'http://www.youtube.com/channel/UChwnI1BdvUtuZER2MeM1qHg', 0, 'https://yt3.ggpht.com/7KqcpUuyCIoiKkeOlRmHCobTm-XAfb6ZtbGt_ZN1NZ3bw_IbGnY7drBjfm3qPsAulrHN4Xb3=s48-c-k-c0x00ffffff-no-rj', '1일 전'], ['머니게임 1ㄷ4 매드무비 찍으신 분인데 ㅋㅋㅋ 오프라인이 딸릴 수 없음 ㅋㅋㅋ', '상욱', 'http://www.youtube.com/channel/UCW5Bm8lI7O6Pmu971xTZEdg', 0, 'https://yt3.ggpht.com/ytc/AAUvwnhRDyKtuQRavuU8_nxGPkQYqLRjei9iQG1tng=s48-c-k-c0x00ffffff-no-rj', '1일 전']]"
35,https://yt3.ggpht.com/ytc/AAUvwnj3k0arBvwboqL2we3bIdI8Uum7i2HRUOOkfianIA=s48-c-k-c0x00ffffff-no-rj,구독 안하면 프사 니 미래 딸,http://www.youtube.com/channel/UCLH3JoDWhPdPsvFqUpjrSgw,코트에 공혁준에 햄벅에 테스터훈까지 ㅋㅋㅋㅋ 전기는 왤케 육중한 사람들이랑 잘 맞냐 ㅋㅋㅋ,55,1일 전,[]
36,https://yt3.ggpht.com/ytc/AAUvwngXLYJX-5PQgRkkXX7IT1OcPr9o_XYMVsJp5pkQ=s48-c-k-c0x00ffffff-no-rj,윤희,http://www.youtube.com/channel/UClnrRkuti_S1_L5SZ-Kgb7Q,12:59 포장마차 철거 ㅇㅈㄹ ㅋㅋㅋㅋㅋㅋㅋㅋㅋㅋㅋㅋㅋㅋ,37,1일 전,[]
37,https://yt3.ggpht.com/ytc/AAUvwnh0-6PDB4lLDYZl3uURm-6JK1LigJQ4ftdTXA=s48-c-k-c0x00ffffff-no-rj,Elvia Kim,http://www.youtube.com/channel/UCegVT3ruFHetaWKtQvyPz-A,둘이 하하하하핳 거리는거 왜케 귀엽냐 ㅋㅋㅋ,10,1일 전,[]
38,https://yt3.ggpht.com/ytc/AAUvwnhAH0aPh5IJc2P37AxSSLLGMtFoLP7m1Y3gKIwh-A=s48-c-k-c0x00ffffff-no-rj,빵상Bbangsan,http://www.youtube.com/channel/UCjXGdA99LN3O_pnR5NjsuIQ,"코트, 공혁준, 테스터훈까지... 돼래곤볼 수집 중인 전기",203,1일 전,"[['다음은 파이의 남자 감스트...?', 'Erebi', 'http://www.youtube.com/channel/UChaqyvum1CXOALchCYhEIDw', 0, 'https://yt3.ggpht.com/ytc/AAUvwnhqIb8C7ZmxjuKC1ZWjBrSvAHDn8Nth9gotjezr-Q=s48-c-k-c0x00ffffff-no-rj', '1일 전'], ['ㄹㅇㅋㅋ', 'lihnje', 'http://www.youtube.com/channel/UCAnArecYQe61IXrQL9qPHOw', 0, 'https://yt3.ggpht.com/ytc/AAUvwnhcNg3HuY3pablCxbBhkX5kLtvJgTM8tLOOnvyA8A=s48-c-k-c0x00ffffff-no-rj', '1일 전'], ['+ 햄버억', '빠나나맛보틀', 'http://www.youtube.com/channel/UCd1NxudOTr6xE7x2CUkOzcA', 0, 'https://yt3.ggpht.com/ytc/AAUvwniprl_NOfOxUBzHO7X3Uw82WCCcJmncyt-SRGz_=s48-c-k-c0x00ffffff-no-rj', '1일 전'], ['햄벅도', '31 8.', 'http://www.youtube.com/channel/UCUVN59MVdod9yDPrmwhzc0g', 3, 'https://yt3.ggpht.com/ytc/AAUvwngbDnc3TGYmHpKCkJbeYu-EjrLvm9lxobuje9xwIw=s48-c-k-c0x00ffffff-no-rj', '1일 전'], ['+염따가 전기 인스타 좋아요 누름 \n\nㄹㅇ 돼지수집가', 'jy k', 'http://www.youtube.com/channel/UCjWajRBNwqAI0xbwFGADNWg', 29, 'https://yt3.ggpht.com/ytc/AAUvwngHxW2xWJz037EEMQ6nGWvsqlOT7Gi7ra8v8A=s48-c-k-c0x00ffffff-no-rj', '1일 전']]"
39,https://yt3.ggpht.com/ytc/AAUvwng8dpX34O8vcKjeHrBjWSagE6kaT8kksjefBQ=s48-c-k-c0x00ffffff-no-rj,29 52,http://www.youtube.com/channel/UCFuYZrwoKMUyZIctWObKumw,"오늘의 시작은 전기로 시작하고
오늘의 끝도 전기로 끝낸다",146,1일 전,"[['@김갑수 오 라인 좋다', '손덕배', 'http://www.youtube.com/channel/UCPqqQ3JW2KzARteVi-cFb3w', 0, 'https://yt3.ggpht.com/ytc/AAUvwniRh9eVBnN7LinoSGkPf2sYmOumjQnzjrOGwch2BQ=s48-c-k-c0x00ffffff-no-rj', '1일 전'], ['@김갑수 ㅅㅂㅋㅋㅋ', '준수', 'http://www.youtube.com/channel/UCM82n6WSh00lTBwQRaT3BUg', 1, 'https://yt3.ggpht.com/ytc/AAUvwnjfBoFPrqw0n5TgDYxZUiLE3HGwh1Zt2a3-Z8iZgg=s48-c-k-c0x00ffffff-no-rj', '1일 전'], ['@김갑수 ㅋㅋㅋ', '테이퍼링', 'http://www.youtube.com/channel/UCCg2BVKkkMilFHpmy75xFAQ', 1, 'https://yt3.ggpht.com/ytc/AAUvwnhrqwP8uMZ8mCyJqtZmiwB4rsqSPbdTy4nauai9BQ=s48-c-k-c0x00ffffff-no-rj', '1일 전'], ['난 육지담으로 시작해서 파이로 끝을 이루리', '김갑수', 'http://www.youtube.com/channel/UC0B2dck6En9woUVMW6lJZ_A', 8, 'https://yt3.ggpht.com/ytc/AAUvwnh3HogIYCO9MMPQsiTdZ9JUYdL6BwDlllqRbqJs=s48-c-k-c0x00ffffff-no-rj', '1일 전']]"
40,https://yt3.ggpht.com/ytc/AAUvwninHdSwXyTlbGq2ceIOGCE-gXJ2iPy4cXU13Q=s48-c-k-c0x00ffffff-no-rj,성준김,http://www.youtube.com/channel/UCoFQFd2Y1HJ3F3uGwmICizQ,둘이 눈 마주치면 웃는 거 왤케 웃기고 좋지 ㅋㅋㅋㅋㅋㅋㅋㅋ,5,1일 전,[]
41,https://yt3.ggpht.com/ytc/AAUvwngekeUb3Ubxon-BTnCbPbgKz9qVcDtspdX4b6lxlw=s48-c-k-c0x00ffffff-no-rj,주연,http://www.youtube.com/channel/UCVhthz0qstwtn8s1CxmELcQ,전기 웃는 거 호탕해 ㄹㅇ 하하하! 이렇게 웃네 ㅋㅋㅎㅋㅎㅋㅎㅋㅋㅋㅋㅋㅋ,7,1일 전,[]
42,https://yt3.ggpht.com/ytc/AAUvwnhXsCin8jfioZSdPBWu1_X0RCClw6BHH6yTYA=s48-c-k-c0x00ffffff-no-rj,ᄋᄋᄋ,http://www.youtube.com/channel/UCidjiKBzI6RVQgGCGRcqJQA,테스터훈 옆에 있으니까 확실히 22살 맞다ㅋㅋㅋㄱㄱㅋㅋㅋㅋㅋㅋㅋㅋ,2,1일 전,[]
43,https://yt3.ggpht.com/ytc/AAUvwng3UkVb5JMPi3bWILPNCoC48hf149covhzN2oiMJA=s48-c-k-c0x00ffffff-no-rj,소이,http://www.youtube.com/channel/UC8Q5Y2NCY_3alLCoATLd_xQ,13:16 전치 35초 ㅋㅋㅋㅋㅋㅋㅋㅋㅋ,7,1일 전,[]
44,https://yt3.ggpht.com/ytc/AAUvwngPXe8qxqBW3QrCtvtbikj1BM3_GH09Y00ffsbWnQ=s48-c-k-c0x00ffffff-no-rj,심연,http://www.youtube.com/channel/UCn_oONHJAXeymG9Ot56HOGA,구독자수 89.4만 명 실화냐? 가슴이 웅장해진다... 이제 골드버튼도 남산에 걸어놓는 거냐? 드가자~,421,1일 전,"[['@김찬형 또 1000명 올라서 89.6만명임', 'llIlIIll llIllIIIlllIlIllIl', 'http://www.youtube.com/channel/UC2R3Co8wBWdk0C3kiExA0gw', 0, 'https://yt3.ggpht.com/ytc/AAUvwnjLsJNE9P0l3fqZXWbRKpsnZ6qumi1Wulzgi7ue=s48-c-k-c0x00ffffff-no-rj', '1일 전'], ['@시진핑 그게 아니고 걍 실버버튼 남산에 걸어놨었으니까 골드버튼도 남산에 걸어놓는 건가 해서 한 말임', '심연', 'http://www.youtube.com/channel/UCn_oONHJAXeymG9Ot56HOGA', 3, 'https://yt3.ggpht.com/ytc/AAUvwngPXe8qxqBW3QrCtvtbikj1BM3_GH09Y00ffsbWnQ=s48-c-k-c0x00ffffff-no-rj', '1일 전'], ['그게아니고 골드버튼 받으면 실버버튼 찾으러간다고 한건데 실버버튼 훔쳐감', '시진핑', 'http://www.youtube.com/channel/UC5MFyYftlp7RlfLdoToMyIw', 5, 'https://yt3.ggpht.com/ytc/AAUvwnhP8uTiKOauPwCEF9GGIeuRwGehGNK1g9xnPQ=s48-c-k-c0x00ffffff-no-rj', '1일 전'], ['30분만에 천명 올라서 89.5만명임', '김찬형', 'http://www.youtube.com/channel/UC373VwpkKNdg1tHOaXS9yfw', 4, 'https://yt3.ggpht.com/ytc/AAUvwniQ06s_E0P0iuKA31s5xBbPN92xcjElNCAtYA=s48-c-k-c0x00ffffff-no-rj', '1일 전'], ['오늘부터 전기가 골드버튼 걸때까지 잠복근무 드간다', 'Montrio 3D', 'http://www.youtube.com/channel/UC86j6wuQjTwWDQ4il3dgLrQ', 0, 'https://yt3.ggpht.com/ytc/AAUvwnguFwHojlHCXMw_dXBTBocrY52UnLxl51P02g=s48-c-k-c0x00ffffff-no-rj', '1일 전']]"
45,https://yt3.ggpht.com/ytc/AAUvwniGjMW12Ev1mZeSp4VPMzT1pusJaoLKToQgEL7g=s48-c-k-c0x00ffffff-no-rj,성현,http://www.youtube.com/channel/UCqTZaBS7WfiHLySchlpNqlA,"""아빠가 잠에서 벌떡 깬 이유""",2,1일 전,[]
46,https://yt3.ggpht.com/R_29tAALu5S0sLUkLI96Tu1hhyKYpQj-MLDSuCZsHvD1l9qAZci8Kh6RoTc0n0gdyyh6yQNV=s48-c-k-c0x00ffffff-no-rj,OwO,http://www.youtube.com/channel/UCMax_oW2cU_gJU3RJLWGUGA,"' Uh ,DDuck Sang '",22,1일 전(수정됨),[]
47,https://yt3.ggpht.com/ytc/AAUvwnjRJIKiz9y7kUpOIoXABr22FuhxtVYEEMFKSriY1A=s48-c-k-c0x00ffffff-no-rj,앰프,http://www.youtube.com/channel/UCuCVxo417xKJO6aMejM1QZw,"“UH, DUIT TONG SU”",37,1일 전(수정됨),"[['DUIT', '라임', 'http://www.youtube.com/channel/UCVu6K42m3d1c2lgv0O47LPw', 0, 'https://yt3.ggpht.com/ytc/AAUvwngOCx5uypF4Dy82BV59uG4_dPOO6xXZiY201A=s48-c-k-c0x00ffffff-no-rj', '1일 전(수정됨)']]"
48,https://yt3.ggpht.com/ytc/AAUvwnhlDWCstjOLPmX07yg9vpYj7D2KiYwhGfa-pRipAg=s48-c-k-c0x00ffffff-no-rj,가니 GANI,http://www.youtube.com/channel/UCqRoQsoWMyVJxfoZY-56_NA,7:25 표정 꿀잼 ㅎㅎ,17,1일 전,[]
49,https://yt3.ggpht.com/ytc/AAUvwnjIKOmZlBbVVgM9a3TSGPL1gi1JlLrwpTRPHTn6=s48-c-k-c0x00ffffff-no-rj,토익단어외우자,http://www.youtube.com/channel/UCHQ9BlOOtL-THDbUpWztfKQ,봤던거지만 전기 나오는건 한번 저 볼 가치가 있다,15,1일 전,[]
50,https://yt3.ggpht.com/ytc/AAUvwngO2MKx42a5R4TlOQxTCuR4l9y-42Hey1tOb2JE=s48-c-k-c0x00ffffff-no-rj,옹스타 OngStar,http://www.youtube.com/channel/UCqpQvmgkFFjeR2tQPdXUwHw,4:20 이부분 너무 좋아 ㅋㅋㅋㅋㅋㅋㅋㅋㅋㅋㅋㅋㅋㅋㅋㅋㅋㅋㅋㅋㅋㅋㅋㅋㅋㅋㅋㅋㅋㅋ,26,1일 전,[]
51,https://yt3.ggpht.com/ytc/AAUvwnjeQSStQ0CG2Qy5ij1VNr_W4zrIA1dGdRmlNcee_w=s48-c-k-c0x00ffffff-no-rj,거니,http://www.youtube.com/channel/UCVFRN061rIlFqA4dq3R7Uqg,13:57 ㅋㅋㅋㅋㅋ 서로 쳐다보는거 개웃기네 ㅋㅋㅋㅋㅋㅋㅋㅋㅋㅋ,3,1일 전,[]
52,https://yt3.ggpht.com/ytc/AAUvwni68jJA8KtveZENYGClHl83P6lFw2OBRG00NomXjA=s48-c-k-c0x00ffffff-no-rj,NA U,http://www.youtube.com/channel/UCUFIySvnbHDMP4wCKK_YN6Q,둘이 눈만 마주쳐도 웃는거 ㅋㅋㅍㅋㅍㅋㅍㅋㅍㅋㅍㅋㅍㅍㅋㅋ왤케 웃기냐 잘어울려..,2,1일 전,[]
53,https://yt3.ggpht.com/ytc/AAUvwnhFylHvbw9QEKNm6oEtEtZldIdbYGMJnWeGYg=s48-c-k-c0x00ffffff-no-rj,그냥만든계정,http://www.youtube.com/channel/UC-sbzwIin0to1-b3Z8x9dzA,13:16 전치 35초ㅋㅋㅋㅋㅋㅋㅋ,10,1일 전,[]
54,https://yt3.ggpht.com/ytc/AAUvwnjZpeTQQ0PsfEY7ZBwtQuTQR-ZqJ7IxAHpSzO_8=s48-c-k-c0x00ffffff-no-rj,강민채,http://www.youtube.com/channel/UCkbM4tYTvYfz3Z2kQMJSTHg,전기야 언제 동화책 읽어주는 asmr같은거 해주면안돼??목소리 나긋나긋한데다 편안해서 ㄹㅇ딱이야  맨날틀고잘께 ㅈㅂ,4,1일 전,[]
55,https://yt3.ggpht.com/vsw6pcbalkzHIViMFSrwRx3_Y1xZdruufUudkQWLQx4P_5aLOhGhO6bEOP8_4ABNANQst6SKvA=s48-c-k-c0x00ffffff-no-rj,구독안하면 프사 니 미래 며느리,http://www.youtube.com/channel/UCTN34_kjNLYhCwNMbmvYCAw,13:15 여기서부터 드립 미쳤냐곸ㅋㅋㅋㅋㅋㅋ,3,1일 전(수정됨),[]
56,https://yt3.ggpht.com/ytc/AAUvwnhOs3tHL4tiPyyeaZRfh7TbfxLaRl-3jjtEwLC3=s48-c-k-c0x00ffffff-no-rj,돌돌이,http://www.youtube.com/channel/UCq9sRcLFkCVStHFDNofQx8Q,12:59 아진짜 여기부터 전기식 비유법 ㅈㄴ웃기네 ㅋㅋ ㅋㅋㅋㅋㅋㅋ ㅋㅋㅋㅋ ㅋㅋㅋㅋㅋ ㅋㅋㅋㅋㅋㅋㅋ,65,1일 전,"[['전치35초가 존나웃김 ㅋㅋㅋㅋㅋㅋㅋ', '장래희망플러리', 'http://www.youtube.com/channel/UCsEOpSveV_OM0Ywd-wWmh6g', 0, 'https://yt3.ggpht.com/ytc/AAUvwnikUnCVmXGiOlAWwPK-8ZnS10Gnldy79cN64ZA0=s48-c-k-c0x00ffffff-no-rj', '1일 전']]"
57,https://yt3.ggpht.com/ytc/AAUvwng7ahjyzB7791woPAXU_2ogzPH-Sdo8x2QRrl23=s48-c-k-c0x00ffffff-no-rj,김현성,http://www.youtube.com/channel/UCARjV23TLOwVtncAfv7Td_g,13:00 넥서스를 포장마차라고 비유하네ㅋㅎㅋㅎㅋㅋㅋㅋㅋㅎㅋㅎㅋㅎㅋㅋㅎㅋㅎㅌㅌㅋㅋㅋㅎㅌㅎㅋ,6,1일 전,[]
58,https://yt3.ggpht.com/ytc/AAUvwnguUQ4bBsOdxdKrW_J7IHECBvPbMuGdED5vkMjyIoI=s48-c-k-c0x00ffffff-no-rj,Js L,http://www.youtube.com/channel/UCS74FmKGgN2v4jiWNCd82zg,롤 1도 몰라서 뭔소린지도 모르는데 끝까지 다 보고 있을 줄이야,5,1일 전,[]
59,https://yt3.ggpht.com/ytc/AAUvwngKxrIXUK5qE9lYVF-sKgPqp6HBXnM9iBSQOzBI9bc=s48-c-k-c0x00ffffff-no-rj,[실시간 구독자 수: 2443명],http://www.youtube.com/channel/UC8VtXwewbSHf4KHeK7byTKg,1:23 와 코트형 슬라임인줄 알았어,5,1일 전,[]
60,https://yt3.ggpht.com/ytc/AAUvwngt_kvtyDYA8psD___oCuMjEqRJxbn9_JeK9w=s48-c-k-c0x00ffffff-no-rj,1 1,http://www.youtube.com/channel/UC6-UQGioS5PEmsTjdFcSKaw,둘이 하하핳 하면서 웃는거 뻘하게 웃기네 ㅋㅋㅋㅋ,3,1일 전,[]
61,https://yt3.ggpht.com/ytc/AAUvwngkxh30uM94-S3n3tK6JgmgQIiM8wMqKW13P6QS-A=s48-c-k-c0x00ffffff-no-rj,경태,http://www.youtube.com/channel/UCj6ATsjK9RgH8enb9lNmdXg,“100kg 이상의 남자와 시너지가 폭발하는 남자”,1,1일 전,[]
62,https://yt3.ggpht.com/ytc/AAUvwnj9KIFyBzInjgx4ZwpSyOYgXXclhVIBMkj8HQ=s48-c-k-c0x00ffffff-no-rj,백상현,http://www.youtube.com/channel/UCTIpRNniK22eV5a5uib8wUQ,키도 크고 얼굴도 잘생기고 입담도 재밌는 전기.. 하지만 우리팀 정글러만 아니길..,8,1일 전,[]
63,https://yt3.ggpht.com/ytc/AAUvwng0vIBchnf61v29RmpctmH1ivrS-b6deyX-JDURuQ=s48-c-k-c0x00ffffff-no-rj,플란다스의개망나니,http://www.youtube.com/channel/UCWyimyYnrXkJoa1qDuxMRmQ,"""Ju do  pi hea jap ni da""",0,1일 전,[]
64,https://yt3.ggpht.com/ytc/AAUvwnjRJIKiz9y7kUpOIoXABr22FuhxtVYEEMFKSriY1A=s48-c-k-c0x00ffffff-no-rj,앰프,http://www.youtube.com/channel/UCuCVxo417xKJO6aMejM1QZw,"9:05 ‘둘다, 죽이네’
??? : 1번 4번 보내죠 ?",2,1일 전,[]
65,https://yt3.ggpht.com/ytc/AAUvwnjb8t2Rx3wL9pUe6r7AyBZrFTB53gUUznODywgG_g=s48-c-k-c0x00ffffff-no-rj,이수성,http://www.youtube.com/channel/UC9kcUGwOt_riFgkWk_YtDEg,0:45 과거 전기 모먼트,100,1일 전,[]
66,https://yt3.ggpht.com/ytc/AAUvwnhj51IvrQP52CKWSdvi-bUJ4F0MHD5MZ1u-XM_I=s48-c-k-c0x00ffffff-no-rj,ᄏᄏ,http://www.youtube.com/channel/UCSbFqo0-nIZkBUlrycntzIQ,전기 옛날에 롤 하면서 드립 치는거 개쉽다고 했는데 ㄹㅇ이였네 ㅋㅋㅋㅋㅋㅋㅋㅋㅋㅋㅋㅋ,3,1일 전,[]
67,https://yt3.ggpht.com/ytc/AAUvwnjNnfKWM9JENNM5B89Z0n41Ov8NsTKUoYSGWBk9=s48-c-k-c0x00ffffff-no-rj,신하,http://www.youtube.com/channel/UCXwnwRM4aL-gng5JG1A1vXg,8:44 박치기공룡 ㅅㅂㅋㅋㅋㅋㅋㅋ,2,1일 전,[]
68,https://yt3.ggpht.com/ytc/AAUvwnjqdXqBZtD2sAVRtb5bF1m3Le_YIdPnYkBl8llBeA=s48-c-k-c0x00ffffff-no-rj,김건호일반인여친,http://www.youtube.com/channel/UCdrWn7iv8qMFt-jW7B-9Zxg,8:10 악!!!! ㅋㅋㅋㅋㅋㅋ웃을 때 빼고 전기가 저렇게 큰 목소리 내는 거 처음 보는 듯ㅋㅋㅋㅋ,7,1일 전,"[['ㅋㅋㅋㅋㅋㅋㅋㅋㅋ', 't sy', 'http://www.youtube.com/channel/UCpMp3M66iWag-ZFmx9RcZzw', 0, 'https://yt3.ggpht.com/ytc/AAUvwnj8l40zrpSXgGr8mv3KxUCP1q_CJJVvcUTjFwXYuA=s48-c-k-c0x00ffffff-no-rj', '1일 전']]"
69,https://yt3.ggpht.com/ytc/AAUvwngp3j-QeUljRP5c05w9UJK_50xS6jqHUdPffnqa=s48-c-k-c0x00ffffff-no-rj,고구마,http://www.youtube.com/channel/UCZQ3CjhVhwU6lD8mKbJuozw,하다하다 전기님 곱슬머리가 내눈엔 베이비펌 한 것처럼 귀여워 보인다..,3,1일 전,[]
70,https://yt3.ggpht.com/ytc/AAUvwnha9gXsQx6l6yg9MJI9iELtTjUwxcVcnyIcwg=s48-c-k-c0x00ffffff-no-rj,22K,http://www.youtube.com/channel/UCxWTOfO1NdV_-6pVDtqMMrg,13:58 못난놈들은 서로 얼굴만 봐도 OOO,3,1일 전,[]
71,https://yt3.ggpht.com/ytc/AAUvwni3dJZXu0KAFW1unQO8LE6bft8gRJ1RD1tBLLMvmA=s48-c-k-c0x00ffffff-no-rj,운탱이[운동하는 인생 즐겜유저 탱이],http://www.youtube.com/channel/UCgZUKy6bjSgCDqfiD7D9mvA,6:35 이건 ㄹㅇ 지렸다..,1,1일 전,[]
72,https://yt3.ggpht.com/ytc/AAUvwnjhd-QingFTqEUo7fppo_HWzaqEq8pPjEITlBuE=s48-c-k-c0x00ffffff-no-rj,가자,http://www.youtube.com/channel/UCRk3cWR8opG8dDXqBSU4Uxw,09:53 청학동 젓가락...,2,1일 전(수정됨),[]
73,https://yt3.ggpht.com/ytc/AAUvwnhLyDId0sf8bysxKUiHILaU71tjFTOHScRI_w=s48-c-k-c0x00ffffff-no-rj,뀨뀨,http://www.youtube.com/channel/UCxP4gwF_NcR2CazU0F-kRiA,전기님 진심으로 너무 잘생겼어요 헝헝헝ㅇ..흡끄륵ㄱ끅끅ㄱ끄엉엉..흡끄윽..끄헝헝..흐우앙흡끅끆ㄱ끄얶흒끕..끆껑껑..끆끆흡끆..흡꾺꾺꾹꾺ㄱ끄얶흒끕..끆껑껑..끆끆흡끅..흡꾺꾺꾹ㄱ끄엉..헝헝헝ㅇ..흡끄륵ㄱ끅끅ㄱ끄엉엉..흡끄윽..,7,1일 전,[]
74,https://yt3.ggpht.com/ytc/AAUvwniT3uVaJY1QA3IMxqq3cbTcXmEAwwGvq2bXzw=s48-c-k-c0x00ffffff-no-rj,최원영,http://www.youtube.com/channel/UCRCH746SlQVwtJ8_5EL19YA,1:40 이 부분 개귀엽넼ㅋㅋㅋㅋㅋㅋㅋㅋㅋㅋㅋㅋㅋㅋㅋㅋㅋ,1,1일 전,[]
75,https://yt3.ggpht.com/ytc/AAUvwnjV0KWE-87t9UDIDyFzdPCcDlv4Bd8Lv_KDMw=s48-c-k-c0x00ffffff-no-rj,김재원,http://www.youtube.com/channel/UCTf6hz1s37cwfMW7Cp73N1g,뚱남 수집가 ㅆㅂㅋㅋㅋㅋㅋㅋㅋㅋ,2,1일 전,[]
76,https://yt3.ggpht.com/ytc/AAUvwngpldK42awRes-1v5YuLwqLhd38dyNN7nY9Qp4_dg=s48-c-k-c0x00ffffff-no-rj,김은성,http://www.youtube.com/channel/UCsJaB99WML5bUzsGTtS7g_w,롤도 안하는데 다보고있는 내인생 레전드,15,1일 전,[]
77,https://yt3.ggpht.com/ytc/AAUvwng7NiXP3636aES01NndDTEBwsANzOeJozhLyiuuCw=s48-c-k-c0x00ffffff-no-rj,예준고,http://www.youtube.com/channel/UC54hrc0BJu6HEJ0sEhbymzw,10:45 자막 밀렸다,14,1일 전,[]
78,https://yt3.ggpht.com/ytc/AAUvwngn6k8vtq8-6UcJUwHTgBW_wDCtXEIEbK0vXoE7=s48-c-k-c0x00ffffff-no-rj,유에이,http://www.youtube.com/channel/UCqnh7KrpfeNvIMDJtYVc9iw,"""UH, GEUK-LAK😀""",1,1일 전(수정됨),[]
79,https://yt3.ggpht.com/ytc/AAUvwnhOY2MWuYCrTsH3_0Qx0iVTiyARuXiE6GSKYB2SvQ=s48-c-k-c0x00ffffff-no-rj,Arm Big,http://www.youtube.com/channel/UCCfrOMtZ4sm_hABV6oz0xYg,오늘 90만 넘고 6월전까지 100만 가자 전기야^^,76,1일 전,"[['100만 전자 갈끄니까', '정준호', 'http://www.youtube.com/channel/UCsJbsJJxRodiFbUPM8SLIag', 0, 'https://yt3.ggpht.com/ytc/AAUvwngwbrQ9s914nWAutDF89C3IYO9-jxj1Cs8KlA=s48-c-k-c0x00ffffff-no-rj', '1일 전'], ['가자!!!!!', '하이', 'http://www.youtube.com/channel/UC4FNyIcMoDnxrcDZGB7Uq4Q', 0, 'https://yt3.ggpht.com/ytc/AAUvwnibAQwob0zXMuWjReNHxC2CIy1IKWNSYuB8AAHX=s48-c-k-c0x00ffffff-no-rj', '1일 전']]"
80,https://yt3.ggpht.com/ytc/AAUvwni0Y3iMW9reiyT8zgpJHn2Tps9xj0AfV44o1EMf=s48-c-k-c0x00ffffff-no-rj,1234,http://www.youtube.com/channel/UCZg7jD_PB7o82_5Ux95o3AA,아니 ㅅㅂ 10만이었잖아 ㅋㅋㅋㅋㅋㅋㅋㅋㅋㅋㅋㅋㅋㅋㅋㅋㅋㅋㅋㅋ 말도안돼,2,1일 전,[]
81,https://yt3.ggpht.com/ytc/AAUvwnhRhiUBpQ2oh9IcnJGqw5JqR7P2ayfvb6CwNPYo=s48-c-k-c0x00ffffff-no-rj,Lonely왕 전기,http://www.youtube.com/channel/UCUfMrt-6LaBqnrEdFLiiAbg,0:51 조곤조곤목소리 넘좋음ㅋㅋ,1,1일 전,[]
82,https://yt3.ggpht.com/ytc/AAUvwniMX32Ry4-x19nxYK3v0cG5Z098yo_uz_IBhw=s48-c-k-c0x00ffffff-no-rj,주희,http://www.youtube.com/channel/UCuGDcuxg-zSt0_MQn6Zy8eQ,전기를 알게된 순간부터 내 이상형은 말빨 개지리는 사람이 되었다 .. 하 ..이게 사랑인가 ..,697,1일 전,"[['혹시 방씨인가요 당신', 'Ya', 'http://www.youtube.com/channel/UCyswuNyDBpfkAHBb5IYJnRw', 0, 'https://yt3.ggpht.com/ytc/AAUvwniEOpu_rf18pvEgqCk3yh3c5Xf_U4uYCyIPBg=s48-c-k-c0x00ffffff-no-rj', '1일 전'], ['차자따 내싸랑~내가 차떤 사랑~~~', '아이스바닐라', 'http://www.youtube.com/channel/UCnsqyFcmn7f-ccev1Gs17Vg', 0, 'https://yt3.ggpht.com/ytc/AAUvwnixT143Al6FxwqbIvyBrXA_c5oqzfmPOnG6KrQl7w=s48-c-k-c0x00ffffff-no-rj', '1일 전'], ['@이주원 싸울때마다 짜릿할듯', 'dd dd', 'http://www.youtube.com/channel/UCJIUQGmvlRfH1Rh3r5ZmBrg', 0, 'https://yt3.ggpht.com/ytc/AAUvwnjhXjrN2_eCKwkIL0uMHSIIIKosFRgcx__HUxzDfA=s48-c-k-c0x00ffffff-no-rj', '1일 전'], ['야 하나 생각해야되는게 만약 전기랑 너랑 사겨 어쩌다 한번씩 싸우기도 하겠지 그럴때 절대 못이김ㅋㅋㅋㅋ', '이주원', 'http://www.youtube.com/channel/UC3L5sS3Z82DIr60qNgWuJbA', 2, 'https://yt3.ggpht.com/ytc/AAUvwnhswqeyDYRUMpithermEysL866H8m1WNGxt105C=s48-c-k-c0x00ffffff-no-rj', '1일 전'], ['ㄷ', 'ᄏᄏ', 'http://www.youtube.com/channel/UCPGfyYOfWf8_OUq1Ykl_esQ', 0, 'https://yt3.ggpht.com/ytc/AAUvwngvQemQZtSXHBS48VIDv68uuu9hb8bzs9Z_o8cYlw=s48-c-k-c0x00ffffff-no-rj', '1일 전']]"
83,https://yt3.ggpht.com/ytc/AAUvwnj2QtUYeb1ijFG-c4nDsvl_mH2j6DerJIyQAP7h=s48-c-k-c0x00ffffff-no-rj,각선미 TV,http://www.youtube.com/channel/UCYDktkUmyhSJsN-pjFqYMMA,ㅋㅋㅋ 뚱 수집가 ㅋㅋㅋ 그러고 보니 건호 주변엔 거의다 용역건달 피지컬들만 있네 ㅋㅋㅋ,5,1일 전,[]
84,https://yt3.ggpht.com/ytc/AAUvwng2zedhnUAs1Q32jLFxqCRmVLYSly8mIdrMy2HY-Q=s48-c-k-c0x00ffffff-no-rj,정준,http://www.youtube.com/channel/UCDnEQrnMtVDOnBtSCc_kUwQ,"""학교 가기 6시간 전 최고의 선택""",1,1일 전,[]
85,https://yt3.ggpht.com/ytc/AAUvwniBn6_HvFHwat5DIRWcDPJNsn9TCemw5KeuGTqP=s48-c-k-c0x00ffffff-no-rj,쿼티,http://www.youtube.com/channel/UC6DtC_qPpN8DYcUevB5xG2Q,"""UH, MAi""",0,1일 전,[]
86,https://yt3.ggpht.com/ytc/AAUvwnhorfs0Z6_JBHbL3Ktxv_kF_01zzuOUWlLPOcGQNg=s48-c-k-c0x00ffffff-no-rj,육두희,http://www.youtube.com/channel/UCdkSFIz7Qcl6-Fu1GhTuCiw,4:10 이 웃음소리 ㅈㄴ중독된다고 전며들었다..,68,1일 전,"[['도둑고양이냐?', '이용준', 'http://www.youtube.com/channel/UCkphfyLRFrN-J7abbGMECXw', 0, 'https://yt3.ggpht.com/ytc/AAUvwngTynzL3sSmI5GQ_SV2JPzKlRg3ZCp0LN9C2w=s48-c-k-c0x00ffffff-no-rj', '1일 전'], ['불여시년..불여시년...', '무진', 'http://www.youtube.com/channel/UCV2x4aObvV06n5kU_mGiccA', 0, 'https://yt3.ggpht.com/ytc/AAUvwng3uSusgo-07j06BP8JLDT1D_pvKxOt9HzLzw=s48-c-k-c0x00ffffff-no-rj', '1일 전']]"
87,https://yt3.ggpht.com/ytc/AAUvwnhOs3tHL4tiPyyeaZRfh7TbfxLaRl-3jjtEwLC3=s48-c-k-c0x00ffffff-no-rj,돌돌이,http://www.youtube.com/channel/UCq9sRcLFkCVStHFDNofQx8Q,9:22 난없드마 ㅇㅈㄹㅋㅋㅋㅋㅋㅋㅋㅋㅋㅋㅋㅋㅋㅋㅋ,1,1일 전(수정됨),[]
88,https://yt3.ggpht.com/8GyegqgmtkIlPZcqVAql06wM-_CZXha_pn2bGx_gTfuQedSXokJP6Uq0SFUplfxAZ22SFmu8bD4=s48-c-k-c0x00ffffff-no-rj,어 나가,http://www.youtube.com/channel/UCSI-MHy50NAb_ddfHPCMBuQ,대부분 사람들은 겉만봐서 뚱뚱한사람들이랑 거리두고 그런데 전기는 그냥 사람 자체를 봐주니까 뚱쓰들이랑 저렇게 재밌고 잘맞지 진짜 착하다,9,1일 전(수정됨),[]
89,https://yt3.ggpht.com/ytc/AAUvwnhXSFLsk9p12VSW7Lv5m7gOf4RoCLpagSct8IHlnw=s48-c-k-c0x00ffffff-no-rj,코코,http://www.youtube.com/channel/UCxa48aHtEgj0j_nAyDWWx6A,개잘생겼다 진심 .. ㅠㅠ,2,1일 전,[]
90,https://yt3.ggpht.com/ytc/AAUvwnj1zWclhoXBNCQGBYFzioCr_mJHw7XgFNboXQ=s48-c-k-c0x00ffffff-no-rj,준희,http://www.youtube.com/channel/UCSxXYvJ5jcJQXHXH-LF2nfg,"""BAKMAN,D GAJA""",1,1일 전(수정됨),[]
91,https://yt3.ggpht.com/ytc/AAUvwng5XVCoFc9Wu5x4vlpmEv3GvjXSVdiPR8vd-b3b=s48-c-k-c0x00ffffff-no-rj,고북손,http://www.youtube.com/channel/UCqygt6-JE3hYr7JRYyeiVfw,구독을 두번 누르게 만드는 놀라운 실력...,3,1일 전(수정됨),[]
92,https://yt3.ggpht.com/ytc/AAUvwni2i6NRBWzsuBTUIk3_2cBjCEtfkg8hltDxDw0wAQ=s48-c-k-c0x00ffffff-no-rj,근모닝,http://www.youtube.com/channel/UCnfFSmFwl-XSL5zUtOPkj7A,"''UH GIMODDI""",0,1일 전,[]
93,https://yt3.ggpht.com/ytc/AAUvwng42if1I8cPsyUTZfHOYtE5xSLPlolTQrIXEhjd=s48-c-k-c0x00ffffff-no-rj,animalshadow,http://www.youtube.com/channel/UCfRFi4Y10pyRCNy2htyAA3w,"영상을... 나중을 위해 아끼겠습니다...
(+ 결국 봤다... 전며들었나...?)",2,1일 전(수정됨),[]
94,https://yt3.ggpht.com/ytc/AAUvwnj0PcOMOBQMQmgjIwCJS8E705v48P_UGQ6DNC06HQ=s48-c-k-c0x00ffffff-no-rj,무지성잼민이,http://www.youtube.com/channel/UChvVIaVWF4zfFz5IupILulQ,건호야 니 덕에 오늘도 살아간다.. 후... 김해 김찬호련은 언제 영상찍냐,1,1일 전(수정됨),[]
95,https://yt3.ggpht.com/ytc/AAUvwnh5O6-6SxPQoTm-4ffAwReXUdn8Z-oBeiQGdQ=s48-c-k-c0x00ffffff-no-rj,워키토키,http://www.youtube.com/channel/UCFIpCOjLRYltkrM9AqdWwcA,10:55 이걸 받네 ㄹㅇ 프로다 테스터훈 ㅋㅋ,1,1일 전(수정됨),[]
96,https://yt3.ggpht.com/ytc/AAUvwniborzHbT50A3vy4rvOkaOCsB40TQhgbEaobQ=s48-c-k-c0x00ffffff-no-rj,윰나,http://www.youtube.com/channel/UC1r25c_3H3j2cQYXwm2xuYg,"“ Uh, 전기 사랑해 ❤️❤️❤️❤️❤️❤️❤️❤️❤️❤️❤️❤️❤️❤️❤️ ”",1,1일 전(수정됨),[]
97,https://yt3.ggpht.com/ytc/AAUvwngeI9RtDxRX4sqiIF7ZmO0B1ZaH3uLJ3urKtKCa=s48-c-k-c0x00ffffff-no-rj,경상도남자,http://www.youtube.com/channel/UCrZGxR6Xyzh8xXFwLol3cCg,17분만에 조회수 3만 전기 진짜 국내 몇백만 유투버 보다 조회수 잘나온다..,1,1일 전,[]
98,https://yt3.ggpht.com/ytc/AAUvwnh_6Nrnd9sRHTk4pzirp4HgNz_T5uZjqfuXar58=s48-c-k-c0x00ffffff-no-rj,청라짝귀,http://www.youtube.com/channel/UCC-QqfyJdowFB-riSSnCT2A,“ ah jonnanojam “,0,1일 전,[]
99,https://yt3.ggpht.com/ytc/AAUvwnjvSntWw7V6adeuHNkc0pLjtUn3aC93tc0mzaC1pQ=s48-c-k-c0x00ffffff-no-rj,익상,http://www.youtube.com/channel/UCIC6yHo4JAiCa7GoetafU1w,“누를수밖에 없는 자극적인 썸네일”,1,1일 전,[]
